{"cameraMode":{"drawMode":0,"name":"Shaded","section":"Shading Mode"},"sceneLighting":false,"audioPlay":false,"sceneViewState":{"m_AlwaysRefresh":false,"showFog":true,"showSkybox":false,"showFlares":true,"showImageEffects":true,"showParticleSystems":true,"showVisualEffectGraphs":true,"m_FxEnabled":true},"in2DMode":false,"pivot":{"x":0.30153727531433108,"y":1.2054169178009034,"z":0.06263118237257004},"rotation":{"x":0.1837140917778015,"y":0.674766480922699,"z":-0.17914164066314698,"w":0.6919913291931152},"size":6.288394927978516,"orthographic":false}