{"cameraMode":{"drawMode":0,"name":"Shaded","section":"Shading Mode"},"sceneLighting":false,"audioPlay":false,"sceneViewState":{"m_AlwaysRefresh":false,"showFog":true,"showSkybox":false,"showFlares":true,"showImageEffects":true,"showParticleSystems":true,"showVisualEffectGraphs":true,"m_FxEnabled":true},"in2DMode":false,"pivot":{"x":1.0553529262542725,"y":2.3159122467041017,"z":5.327111721038818},"rotation":{"x":0.046519506722688678,"y":-0.24469882249832154,"z":0.011754580773413182,"w":0.9684115052223206},"size":3.5660250186920168,"orthographic":false}